"Country","IncomeGroup","Year","Life Expectancy World Bank","Prevelance of Undernourishment","CO2","Health Expenditure %","Unemployment","Injuries","Communicable","NonCommunicable"
"Angola","Lower middle income",2001,47.059,67.5,15960,4.48351622,4.00400018692017,1392080.71,11190210.53,2663516.34
"Angola","Lower middle income",2002,47.702,63.2,15689.9995803833,3.32946134,3.96099996566772,1218390.06,11126180.82,2725500.21
"Angola","Lower middle income",2003,48.44,58.7,16760.0002288818,3.54797316,3.95799994468689,1204475.81,11059687.49,2817017.06
"Angola","Lower middle income",2004,49.263,55.1,17450.0007629395,3.96720099,3.91599988937378,1272980.01,10920209.2,2951780.84
"Angola","Lower middle income",2005,50.165,52.2,15810.0004196167,2.85219693,3.88199996948242,1257995.96,10778976.02,3009696.38
"Angola","Lower middle income",2006,51.143,49.3,16559.9994659424,2.68553662,3.85800004005432,1261954.18,10718718.62,3088844.29
"Angola","Lower middle income",2007,52.177,46.1,16969.9993133545,2.97438812,3.82100009918213,1274747.56,10310598.25,3162603.6
"Angola","Lower middle income",2008,53.243,42.9,19280.0006866455,3.32290483,3.79299998283386,1268731.11,9964158.73,3248453.77
"Angola","Lower middle income",2009,54.311,33.1,21149.9996185303,3.84260869,3.77999997138977,1261180.24,9690114.79,3327472.94
"Angola","Lower middle income",2010,55.35,23.9,22799.9992370605,2.69510007,9.43000030517578,1267430.98,9369345.53,3427812.06
"Angola","Lower middle income",2011,56.33,16.4,23870.0008392334,2.64560795,7.3600001335144,1263108.34,9114917.42,3506251.22
"Angola","Lower middle income",2012,57.236,15.1,23870.0008392334,2.39574957,7.34700012207031,1245939.46,8866604.66,3590872.46
"Angola","Lower middle income",2013,58.054,14.3,26959.9990844727,2.73282766,7.36600017547607,1215812.93,8611584.35,3654037.29
"Angola","Lower middle income",2014,58.776,13.7,29629.9991607666,2.43412852,7.37200021743774,1182079.97,8309452.09,3692435.18
"Angola","Lower middle income",2015,59.398,14.5,31649.9996185303,2.60579491,7.39200019836426,1176597.19,8056503.17,3778744.4
"Angola","Lower middle income",2016,59.925,15.4,29760.0002288818,2.71314907,7.41200017929077,1151526.25,7928961.23,3845106.11
"Angola","Lower middle income",2017,60.379,15.4,24250,2.79150295,7.40799999237061,1155447.76,7697608.85,3949010.17
"Angola","Lower middle income",2018,60.782,15.7,23959.9990844727,2.54010224,7.4210000038147,1158963.53,7474999.86,4055077.37
"Angola","Lower middle income",2019,61.147,17.9,25209.9990844727,2.53335953,7.4210000038147,1168866,7237433.13,4176568.27
"Benin","Lower middle income",2001,55.668,17.2,1740,3.24910021,0.771000027656555,285885.2,4179251.5,1180016.78
"Benin","Lower middle income",2002,56.025,15.5,2180.0000667572,3.04335403,0.689999997615814,298954.2,4186075.43,1223108.08
"Benin","Lower middle income",2003,56.436,13.7,2440.00005722046,3.0376544,0.735000014305115,310226.32,4245932.23,1244980.71
"Benin","Lower middle income",2004,56.887,13.2,2650.00009536743,3.0760572,0.773999989032745,311834.29,4285057.97,1285396.95
"Benin","Lower middle income",2005,57.355,12,2900.00009536743,2.93478322,0.824999988079071,313691.95,4334552.55,1313241.95
"Benin","Lower middle income",2006,57.817,11,3470.00002861023,2.97331023,0.860000014305115,321592.71,4380012.24,1347798.26
"Benin","Lower middle income",2007,58.255,10.1,4000,2.8938241,0.894999980926514,324498.01,4427466.34,1379699.55
"Benin","Lower middle income",2008,58.654,9,4019.99998092651,2.69675088,0.941999971866608,331130.83,4419450.69,1420557.98
"Benin","Lower middle income",2009,59.009,8.8,4420.00007629395,2.82528329,0.995000004768372,345471.5,4402031.35,1474479.6
"Benin","Lower middle income",2010,59.318,8.2,4829.99992370605,2.99710441,1.03999996185303,358838.81,4407049.57,1529753.16
"Benin","Lower middle income",2011,59.59,7.9,4650.00009536743,3.09628272,2.65000009536743,366036.74,4426822.58,1584822.13
"Benin","Lower middle income",2012,59.842,7.6,4440.00005722046,3.41449857,2.47099995613098,379641.63,4431124.17,1640358.13
"Benin","Lower middle income",2013,60.092,7.5,4679.99982833862,2.85861206,2.28699994087219,380523.72,4454652.08,1680437.81
"Benin","Lower middle income",2014,60.345,7.4,5190.00005722046,2.66743827,2.13299989700317,382478.94,4477933.5,1713228.66
"Benin","Lower middle income",2015,60.608,7.3,5510.00022888184,2.90741682,2.00699996948242,403246.09,4438452.55,1776280.17
"Benin","Lower middle income",2016,60.885,7.6,6739.99977111816,2.73950028,1.82799994945526,410687.18,4413077.11,1823980.36
"Benin","Lower middle income",2017,61.174,7.9,6869.99988555908,2.61910868,1.64400005340576,415779,4364456.64,1868698.83
"Benin","Lower middle income",2018,61.47,8.1,7420.00007629395,2.50416446,1.47000002861023,407410.44,4288970.49,1878390.43
"Benin","Lower middle income",2019,61.771,7.7,7300.00019073486,2.38842916,1.47000002861023,408200.59,4206673.34,1914911.63
"Botswana","Upper middle income",2001,50.281,23.7,3870,6.15671635,18.5400009155273,108921.89,1278992.69,318895.42
"Botswana","Upper middle income",2002,50.232,24.1,4030.00020980835,6.42154074,21.1310005187988,113396.75,1304801.19,325819.66
"Botswana","Upper middle income",2003,50.518,24.5,3920.00007629395,6.1761694,23.7999992370605,114820.43,1273656.16,327834.69
"Botswana","Upper middle income",2004,51.15,23.7,3970.00002861023,5.79530382,21.8309993743896,113879.03,1169556.69,325716.37
"Botswana","Upper middle income",2005,52.13,22.6,4280.00020980835,5.02535105,19.8139991760254,113190.38,1039433.38,322603.05
"Botswana","Upper middle income",2006,53.435,22.3,4090.00015258789,4.77373314,17.7800006866455,114544.26,982469.44,324931
"Botswana","Upper middle income",2007,54.983,22.2,4320.00017166138,5.33311653,17.2049999237061,114634.51,885568.73,326119.78
"Botswana","Upper middle income",2008,56.679,22,4389.9998664856,5.7820034,16.6420001983643,115487.5,831321.3,334162.92
"Botswana","Upper middle income",2009,58.447,21.9,4190.00005722046,6.5250082,16.1700000762939,115999.75,770227.5,341342.31
"Botswana","Upper middle income",2010,60.211,21.5,3369.99988555908,6.19402504,17.8600006103516,118433.85,734109.9,351063.36
"Botswana","Upper middle income",2011,61.91,21,3880.00011444092,5.77690315,18.4169998168945,118430.11,707092.13,360530.3
"Botswana","Upper middle income",2012,63.511,20.3,3410.00008583069,6.14145994,18.951000213623,118230.42,674783.69,368312.44
"Botswana","Upper middle income",2013,64.976,19.7,5420.00007629395,6.22438812,19.4009990692139,118664.07,644107.74,376913.69
"Botswana","Upper middle income",2014,66.265,19.3,6989.99977111816,5.59793139,19.9909992218018,117986.96,623388.27,386150.16
"Botswana","Upper middle income",2015,67.338,19.6,6949.99980926514,5.72629929,20.5709991455078,117803.11,609513.32,394811.75
"Botswana","Upper middle income",2016,68.178,20.1,6630.00011444092,5.56052208,21.0289993286133,116807.64,594402.72,401807.52
"Botswana","Upper middle income",2017,68.812,21.3,7329.99992370605,6.13453388,21.5659999847412,117980.88,589850.77,412633.19
"Botswana","Upper middle income",2018,69.275,21.5,7309.99994277954,5.96867228,22.0709991455078,118972.88,581464.01,423588.59
"Botswana","Upper middle income",2019,69.592,22.1,7250,6.04836559,22.6100006103516,118812.92,570962.71,433926.1
"Burkina Faso","Low income",2001,50.893,22.6,970,2.88835382,2.64800000190735,536392.74,10193782.66,2395728.15
"Burkina Faso","Low income",2002,51.384,20.5,959.999978542328,2.97113252,2.73000001907349,552452.54,10154459.49,2468439.93
"Burkina Faso","Low income",2003,51.956,18.6,1039.99996185303,3.14307165,2.77999997138977,564930.9,10141299.75,2521317.47
"Burkina Faso","Low income",2004,52.602,18.1,1059.99994277954,4.21721363,3.41499996185303,583615.06,10065033.82,2589369.46
"Burkina Faso","Low income",2005,53.31,17.5,1059.99994277954,3.95109105,4,591426.25,10011584.28,2660480.48
"Burkina Faso","Low income",2006,54.063,17.1,1240.00000953674,4.51446247,3.65499997138977,609139.19,9932127.32,2717108.81
"Burkina Faso","Low income",2007,54.841,16,1409.9999666214,5.23372936,3.29999995231628,607261.11,10004922.88,2745668.87
"Burkina Faso","Low income",2008,55.618,15.4,1700.00004768372,4.64780807,3.41300010681152,624545.07,9874194.19,2817647.31
"Burkina Faso","Low income",2009,56.377,14.1,1730.00001907349,5.08159304,3.55900001525879,634729.56,9902639.48,2888787.63
"Burkina Faso","Low income",2010,57.096,13.3,2289.99996185303,5.2395854,3.64499998092651,664795.35,9908386.92,2997249.18
"Burkina Faso","Low income",2011,57.761,12.6,2460.00003814697,4.6486845,3.78500008583069,684298.08,9934204.66,3090218.4
"Burkina Faso","Low income",2012,58.374,12.2,2940.00005722046,4.60266972,3.91300010681152,735556.78,9914060.44,3235972.27
"Burkina Faso","Low income",2013,58.937,11.8,3130.00011444092,5.56331158,4.04699993133545,780010.74,9832252.31,3405841.19
"Burkina Faso","Low income",2014,59.45,11.8,3180.0000667572,5.00026941,4.18800020217896,820466.59,9683414.06,3543233.67
"Burkina Faso","Low income",2015,59.919,12,3700.00004768372,5.13192463,4.32100009918213,869232.53,9505462.1,3715389.89
"Burkina Faso","Low income",2016,60.354,12.3,3700.00004768372,5.95963097,4.43400001525879,926993.85,9357345.94,3878145.25
"Burkina Faso","Low income",2017,60.768,12.4,4269.99998092651,6.02940798,4.56300020217896,958167.58,9229332.69,4017993.4
"Burkina Faso","Low income",2018,61.174,12.7,4670.00007629395,4.90988731,4.69000005722046,982292.59,9144973.44,4134304.64
"Burkina Faso","Low income",2019,61.577,14.1,5000,5.46494246,4.69299983978271,1033604.87,9132747.88,4202706.27
"Cameroon","Lower middle income",2001,51.222,22.9,5160,4.0975132,7.46000003814697,589962.64,9928803.53,2484149.63
"Cameroon","Lower middle income",2002,51.536,20.7,5130.00011444092,4.29479742,6.69899988174438,641882.39,10218244.26,2628193.11
"Cameroon","Lower middle income",2003,51.908,19.3,5210.00003814697,4.26826382,5.92999982833862,673803.97,10527278.86,2727166.97
"Cameroon","Lower middle income",2004,52.321,17.6,5119.99988555908,4.01515007,5.14300012588501,680786.36,10759036.96,2811387.65
"Cameroon","Lower middle income",2005,52.76,15.9,5019.99998092651,4.09544468,4.40000009536743,706338,10894276.03,2906555.32
"Cameroon","Lower middle income",2006,53.215,14.1,5090.00015258789,4.02897263,3.73099994659424,731705.92,10973089,3004029.9
"Cameroon","Lower middle income",2007,53.681,12.6,6130.00011444092,3.95940948,3.05999994277954,741309.26,11022110.27,3080169.1
"Cameroon","Lower middle income",2008,54.153,11.2,6389.9998664856,3.82291627,3.41199994087219,753524.97,10959045.14,3171403.2
"Cameroon","Lower middle income",2009,54.627,8.8,7030.00020980835,3.73933601,3.76699995994568,771630.5,10826338.15,3292491.62
"Cameroon","Lower middle income",2010,55.101,7.1,7010.00022888184,3.75891471,4.1100001335144,810727.96,10651070.45,3427699.31
"Cameroon","Lower middle income",2011,55.581,5.6,6809.99994277954,4.01686049,3.96499991416931,838416.29,10501727.96,3554344.44
"Cameroon","Lower middle income",2012,56.073,5.2,6880.00011444092,4.0731349,3.82200002670288,847966.27,10257029.46,3654241.25
"Cameroon","Lower middle income",2013,56.576,5.2,7550.00019073486,3.78499365,3.67499995231628,871207.01,10125119.15,3764509.61
"Cameroon","Lower middle income",2014,57.083,5.3,8250,3.95117664,3.52999997138977,960420.26,9975235.58,3854031.9
"Cameroon","Lower middle income",2015,57.583,5.4,8460.00003814697,3.74879193,3.55100011825562,993628.09,9747538.12,3906695.46
"Cameroon","Lower middle income",2016,58.063,5.9,9079.99992370605,3.72950816,3.57500004768372,972488.42,9324693.48,4022546.32
"Cameroon","Lower middle income",2017,58.511,6.6,9170.00007629395,3.49216461,3.59999990463257,967929.8,8910577.79,4098811.04
"Cameroon","Lower middle income",2018,58.921,6.9,9590.00015258789,3.46510625,3.61700010299683,1025036.88,8527449.18,4187538.6
"Cameroon","Lower middle income",2019,59.292,6.7,9430.00030517578,3.59539533,3.63800001144409,965883.2,8291011.16,4275622.09
"Central African Republic","Low income",2001,44.061,39.2,250,3.95594192,5.69299983978271,299925.65,3652351.14,745735.01
"Central African Republic","Low income",2002,44.063,40.1,250,4.22761345,5.7960000038147,317535.17,3668952.32,762351.52
"Central African Republic","Low income",2003,44.182,40.6,230.000004172325,4.39720249,5.81099987030029,307254.75,3711588.69,776904.73
"Central African Republic","Low income",2004,44.413,40.5,230.000004172325,4.30442286,5.71600008010864,309406.15,3750581.48,791101.81
"Central African Republic","Low income",2005,44.744,39.6,219.999998807907,4.36732149,5.69500017166138,310132.64,3766393.86,805165.65
"Central African Republic","Low income",2006,45.158,37.7,230.000004172325,4.44105434,5.65899991989136,341076.46,3740319.7,827671.85
"Central African Republic","Low income",2007,45.636,35.7,239.999994635582,4.7185154,5.60599994659424,349759.6,3726123.03,843435.05
"Central African Republic","Low income",2008,46.161,33.3,170.000001788139,4.08699083,5.46999979019165,341555.83,3686621.06,856832.82
"Central African Republic","Low income",2009,46.719,31.9,170.000001788139,4.81901073,5.48699998855591,362707.02,3649902.63,879031.95
"Central African Republic","Low income",2010,47.312,30.3,170.000001788139,3.8270402,5.66599988937378,376495.66,3632631.56,908155.73
"Central African Republic","Low income",2011,47.95,29.6,189.999997615814,3.87377,5.61499977111816,378078.61,3600491.46,926514.7
"Central African Republic","Low income",2012,48.638,33,200.000002980232,3.94020414,5.5460000038147,368406.98,3538256.66,930466.58
"Central African Republic","Low income",2013,49.371,40.2,119.999997317791,4.95162487,5.51599979400635,673263.38,3487458.4,935570.39
"Central African Republic","Low income",2014,50.129,47.9,129.999995231628,4.91660213,5.52899980545044,741570.76,3412716.46,936532.5
"Central African Republic","Low income",2015,50.881,49.9,189.999997615814,5.0343523,5.60599994659424,430688.65,3311386.42,946013.03
"Central African Republic","Low income",2016,51.593,48.6,209.999993443489,5.44400311,5.65199995040894,422223.77,3228300.21,956539.23
"Central African Republic","Low income",2017,52.24,46.1,219.999998807907,6.6654377,5.64799976348877,518597.96,3141782.06,970329.56
"Central African Republic","Low income",2018,52.805,46.8,230.000004172325,10.99530983,5.60500001907349,422377.57,3068867.31,985014.99
"Central African Republic","Low income",2019,53.283,49.2,239.999994635582,7.75300884,5.6230001449585,388818.06,3014630.66,1000223.98
"Chad","Low income",2001,47.789,38.8,340,5.29329205,0.810000002384186,428255.62,7738497.78,1490869.54
"Chad","Low income",2002,47.9,37.6,400.000005960464,7.26788855,0.830999970436096,436480.59,7912265.22,1529331.07
"Chad","Low income",2003,48.057,38,449.999988079071,5.50941277,0.841000020503998,426747.34,8088451.1,1575091.13
"Chad","Low income",2004,48.27,37.1,449.999988079071,5.50012302,0.836000025272369,440064.14,8169303.9,1605007.22
"Chad","Low income",2005,48.549,37.8,479.999989271164,4.84111404,0.871999979019165,461705.69,8179869,1633792.09
"Chad","Low income",2006,48.907,38.4,509.999990463257,4.86643219,0.910000026226044,624564.1,8200293.8,1685301.89
"Chad","Low income",2007,49.335,39.2,500,4.34312963,0.925000011920929,504505.32,8200558.98,1750405.74
"Chad","Low income",2008,49.82,40.1,540.000021457672,4.0595479,0.941999971866608,550541.32,8239160.1,1800557.28
"Chad","Low income",2009,50.346,35.7,790.000021457672,4.44166517,0.958999991416931,498366.08,8264334,1852401.46
"Chad","Low income",2010,50.89,31.4,1240.00000953674,4.06023169,0.96399998664856,506975.65,8262666.88,1910734.73
"Chad","Low income",2011,51.424,26,1100.00002384186,3.91046619,1,508571.08,8347816.19,1960084.81
"Chad","Low income",2012,51.928,25.4,1860.00001430511,3.85607743,1.00600004196167,516302.81,8341857.37,2012701.21
"Chad","Low income",2013,52.386,25.6,2190.00005722046,4.06645155,1.02900004386902,535850.59,8348645.12,2074392.68
"Chad","Low income",2014,52.789,27,2259.99999046326,4.27316856,1.0460000038147,543497.87,8362977.31,2123729.73
"Chad","Low income",2015,53.137,28,2390.00010490417,4.52395439,1.07099997997284,594022.47,8317417.06,2194597.11
"Chad","Low income",2016,53.438,28.5,2210.00003814697,5.05077505,1.10399997234344,566362.83,8354586.23,2256107.35
"Chad","Low income",2017,53.712,29.1,2150.00009536743,4.55722904,1.11899995803833,583681.28,8435895.84,2323389.14
"Chad","Low income",2018,53.977,30.3,2190.00005722046,4.1669445,1.12999999523163,614004.43,8464996.51,2393364.23
"Chad","Low income",2019,54.239,31.7,2250,4.3536315,1.12300002574921,626720.09,8496915.83,2459705.38
"Cote d'Ivoire","Lower middle income",2001,49.495,20.4,6490,6.01772738,4.79500007629395,657533.5,12911513.67,2791907.35
"Cote d'Ivoire","Lower middle income",2002,49.475,21,6840.00015258789,5.90390921,5.0310001373291,745148.93,12966203.76,2841395.04
"Cote d'Ivoire","Lower middle income",2003,49.572,20.6,5309.99994277954,5.47977018,5.25500011444092,748034.58,13002141.98,2894474.23
"Cote d'Ivoire","Lower middle income",2004,49.788,19.3,5469.99979019165,5.47520828,5.46400022506714,726059.96,12945628.74,2943770.13
"Cote d'Ivoire","Lower middle income",2005,50.12,18.3,5880.00011444092,5.00643015,5.68800020217896,701543.54,12763722.59,2980729.21
"Cote d'Ivoire","Lower middle income",2006,50.561,17.6,5699.99980926514,4.76330471,5.91800022125244,701687.09,12394825.43,3041381.11
"Cote d'Ivoire","Lower middle income",2007,51.091,17.9,5659.99984741211,4.55253553,6.14499998092651,701965.69,12067988.19,3070247.08
"Cote d'Ivoire","Lower middle income",2008,51.682,18.2,6469.99979019165,4.56873417,6.36800003051758,699268.73,11676469.85,3098630.69
"Cote d'Ivoire","Lower middle income",2009,52.313,16.3,6030.00020980835,4.46970177,6.59299993515015,709348.47,11434947.12,3152349.08
"Cote d'Ivoire","Lower middle income",2010,52.964,13.6,6349.99990463257,4.41580963,6.83500003814697,727460.5,11289768.35,3206164.59
"Cote d'Ivoire","Lower middle income",2011,53.62,10.9,6119.99988555908,4.39704227,7.125,849300.73,11079198.68,3249636.43
"Cote d'Ivoire","Lower middle income",2012,54.271,10,8039.99996185303,4.42740583,7.21999979019165,748659.4,10592375.49,3339845.49
"Cote d'Ivoire","Lower middle income",2013,54.906,9.9,8689.9995803833,3.71776819,4.25,776749.53,10237887.79,3449697.49
"Cote d'Ivoire","Lower middle income",2014,55.508,9.2,9199.99980926514,3.73104811,3.70099997520447,795877.15,9889009.04,3526084.18
"Cote d'Ivoire","Lower middle income",2015,56.065,8.3,9810.0004196167,3.21990895,3.1489999294281,802042.17,9448726.17,3593280.13
"Cote d'Ivoire","Lower middle income",2016,56.567,6.9,9590.00015258789,3.35172296,2.59999990463257,783652.89,9046859.52,3588318.12
"Cote d'Ivoire","Lower middle income",2017,57.017,6,10560.0004196167,3.30509853,3.26999998092651,767828.8,8650820.17,3612443.56
"Cote d'Ivoire","Lower middle income",2018,57.422,5.2,10189.9995803833,3.11891103,3.29299998283386,771608.43,8216834,3688643.85
"Cote d'Ivoire","Lower middle income",2019,57.783,4.7,10829.9999237061,3.29862952,3.31800007820129,759110.39,7944311.29,3722986.86
"Eswatini","Lower middle income",2001,45.799,10.5,610,5.13895321,24.8290004730225,65303.13,725190.42,180150.72
"Eswatini","Lower middle income",2002,44.41,9.7,620.000004768372,5.5229826,25.3610000610352,66442.65,777525.31,188813.34
"Eswatini","Lower middle income",2003,43.372,8.3,629.999995231628,6.37864399,25.9440002441406,68970.61,829308.94,195241.76
"Eswatini","Lower middle income",2004,42.731,8.4,629.999995231628,6.81432486,26.5230007171631,71871.57,866754.52,199279.46
"Eswatini","Lower middle income",2005,42.518,9.2,660.000026226044,7.37623358,27.0650005340576,71512.25,861519.88,201412.21
"Eswatini","Lower middle income",2006,42.733,10.2,649.999976158142,7.82560015,27.6399993896484,71455.83,826069.19,200954.49
"Eswatini","Lower middle income",2007,43.308,10.7,660.000026226044,7.93004131,28.2399997711182,72277.56,800187.02,201471.97
"Eswatini","Lower middle income",2008,44.17,10.9,629.999995231628,8.85792923,27.6790008544922,72788,776399.29,202241.09
"Eswatini","Lower middle income",2009,45.275,15,699.999988079071,8.63292217,27.0520000457764,72787.43,743931.8,202749.06
"Eswatini","Lower middle income",2010,46.601,17.6,649.999976158142,8.59125805,26.4060001373291,72061.52,675840.86,201230.17
"Eswatini","Lower middle income",2011,48.141,19.3,660.000026226044,8.46997261,25.8110008239746,71381.46,606333.78,199356.74
"Eswatini","Lower middle income",2012,49.862,16.2,680.000007152557,7.82028151,25.1490001678467,71010.85,570250.01,199316.31
"Eswatini","Lower middle income",2013,51.699,13.8,750,7.45686579,24.5499992370605,69997.78,530112.9,199198.18
"Eswatini","Lower middle income",2014,53.569,12.7,750,7.25702429,23.9659996032715,70299.66,487089.16,199556.33
"Eswatini","Lower middle income",2015,55.359,12.8,769.999980926514,7.05950689,23.3290004730225,69806.37,448878.94,199981.93
"Eswatini","Lower middle income",2016,56.962,13,839.999973773956,6.82044792,22.7199993133545,68127.26,417776.24,200407.52
"Eswatini","Lower middle income",2017,58.319,12.4,889.999985694885,6.98103666,22.7530002593994,68254.91,392042.64,201967.46
"Eswatini","Lower middle income",2018,59.401,11.8,910.000026226044,7.2573719,22.7919998168945,68271.65,371374.33,204483.34
"Eswatini","Lower middle income",2019,60.194,11.1,959.999978542328,6.78069067,22.8369998931885,68250.79,360728.37,207847.38
"Ethiopia","Low income",2001,52.595,47,4400,4.72316694,3.30399990081787,3185985.43,46614051.59,10875042.5
"Ethiopia","Low income",2002,53.349,44.2,4570.00017166138,4.7126298,3.13000011444092,3211296.39,45180580.57,10885862.35
"Ethiopia","Low income",2003,54.211,42.6,5019.99998092651,4.89970922,2.94199991226196,3153982.99,44122076.1,10876685.74
"Ethiopia","Low income",2004,55.174,39,5329.99992370605,4.31281853,2.69300007820129,3071688.17,42697369.22,10877287.26
"Ethiopia","Low income",2005,56.223,37.1,5050.00019073486,4.10098124,2.5,3104046.1,40790843.51,11007525.3
"Ethiopia","Low income",2006,57.334,35.6,5400.00009536743,4.45757294,2.47000002861023,3121041.71,39064031.86,11025848.3
"Ethiopia","Low income",2007,58.467,35,5960.00003814697,5.00128365,2.43499994277954,3082036.09,36988493.05,11102211.98
"Ethiopia","Low income",2008,59.581,33.5,6489.99977111816,4.28063917,2.40599989891052,3020285.75,35060164.26,11164764.8
"Ethiopia","Low income",2009,60.645,28.5,6530.00020980835,4.64983416,2.38000011444092,3047373.39,33446873.58,11190496.84
"Ethiopia","Low income",2010,61.627,24.7,6469.99979019165,5.46637249,2.33899998664856,2922804.32,31853490.97,11192274.62
"Ethiopia","Low income",2011,62.505,20.9,7539.99996185303,4.46897888,2.31200003623962,2868780.28,30193812.97,11354780.29
"Ethiopia","Low income",2012,63.281,19.4,8479.99954223633,4.53959608,2.28699994087219,2822539.39,28896006.08,11433835.45
"Ethiopia","Low income",2013,63.961,17.7,10079.9999237061,4.07506514,2.25,2729926.96,27856067.8,11553683.41
"Ethiopia","Low income",2014,64.547,15.9,12340.0001525879,4.03363609,2.26200008392334,2743703.69,26644753.5,11853944.35
"Ethiopia","Low income",2015,65.048,14.8,12890.0003433228,3.82317114,2.2739999294281,2738822.83,25713232.62,12011987.27
"Ethiopia","Low income",2016,65.482,14.4,14970.0002670288,3.60033059,2.28800010681152,2851050.31,24764043.94,12236105.64
"Ethiopia","Low income",2017,65.872,15.7,15819.9996948242,3.45336151,2.29900002479553,2836330.73,23661556.53,12572982.27
"Ethiopia","Low income",2018,66.24,18.2,17239.9997711182,3.30818701,2.31800007820129,2880294.65,22770405.22,12862187.57
"Ethiopia","Low income",2019,66.597,21.9,18360.0006103516,3.23808599,2.32599997520447,2810543.91,22129553.05,13114232.55
"Gabon","Upper middle income",2001,57.968,10.7,6230,3.15246463,17.2259998321533,51611.35,445707.56,235345.91
"Gabon","Upper middle income",2002,57.791,12.1,5960.00003814697,3.33046246,17.173999786377,53115.3,444350.62,237594.27
"Gabon","Upper middle income",2003,57.759,13.3,6440.00005722046,3.53691506,17.0709991455078,54581.13,443765.09,243135.75
"Gabon","Upper middle income",2004,57.885,13.9,6090.00015258789,3.33140016,17.0090007781982,55455.65,437166.57,246852.82
"Gabon","Upper middle income",2005,58.181,14.3,6059.99994277954,2.93410254,16.9099998474121,55306.49,415769.22,250161.73
"Gabon","Upper middle income",2006,58.641,14.8,5440.00005722046,3.14508867,17.6709995269775,56003.38,403205.79,255107.69
"Gabon","Upper middle income",2007,59.229,15.9,4940.00005722046,3.16386676,18.2840003967285,58460.59,393687.26,259517.37
"Gabon","Upper middle income",2008,59.904,16.8,5269.99998092651,2.79445171,19.0939998626709,60498.69,389039.29,264281.11
"Gabon","Upper middle income",2009,60.637,16.3,5199.99980926514,3.83981347,19.7639999389648,58815.45,380822.08,265801.93
"Gabon","Upper middle income",2010,61.4,14.7,5760.00022888184,2.47556782,20.3899993896484,57263.44,373708.57,265041.92
"Gabon","Upper middle income",2011,62.168,13.1,5780.00020980835,2.55771661,20.4290008544922,57449.66,364178.42,267991.11
"Gabon","Upper middle income",2012,62.924,12.8,5599.99990463257,2.42097521,20.488000869751,55994.03,344629.96,269178.15
"Gabon","Upper middle income",2013,63.648,12.9,5789.99996185303,2.8408711,20.5209999084473,56756.69,324085.52,270508.53
"Gabon","Upper middle income",2014,64.318,13.3,5960.00003814697,2.53282118,20.5729999542236,55756.16,310316.94,274643.08
"Gabon","Upper middle income",2015,64.913,13.9,6119.99988555908,2.6574378,20.613000869751,56032.03,300422.91,280020.65
"Gabon","Upper middle income",2016,65.418,15.1,6420.00007629395,3.10769749,20.6690006256104,57809.46,289887.42,285760.09
"Gabon","Upper middle income",2017,65.839,16.1,5329.99992370605,2.78068829,20.7210006713867,56809.98,279516.87,291836.09
"Gabon","Upper middle income",2018,66.187,17,5119.99988555908,2.74500299,20.7490005493164,57056.05,269657.43,297537.37
"Gabon","Upper middle income",2019,66.467,16.6,5250,2.76836205,20.742000579834,57444.84,262574.39,303091.09
"Ghana","Lower middle income",2001,57.158,14.9,6210,3.17252946,9.50100040435791,598632.38,8404053.28,3184154.2
"Ghana","Lower middle income",2002,57.425,13.5,7429.99982833862,2.8882091,8.53499984741211,610540.16,8511643.37,3276309.75
"Ghana","Lower middle income",2003,57.785,12.6,7139.9998664856,2.83229733,7.56300020217896,638596.27,8571056.21,3387838.44
"Ghana","Lower middle income",2004,58.225,12.2,6679.99982833862,2.77140665,6.59299993515015,663296.77,8628065.41,3483731.56
"Ghana","Lower middle income",2005,58.719,11.2,7039.99996185303,3.64265633,5.61899995803833,689437.77,8669563.55,3585007.12
"Ghana","Lower middle income",2006,59.234,10.6,8510.00022888184,3.68296194,4.6399998664856,709612.71,8693272.74,3679326.51
"Ghana","Lower middle income",2007,59.741,9.4,9119.99988555908,3.81368589,4.84299993515015,730461.34,8672212.31,3776452.79
"Ghana","Lower middle income",2008,60.216,8.2,8659.99984741211,3.89917445,4.99200010299683,722477.84,8607128.97,3835660.3
"Ghana","Lower middle income",2009,60.645,6.6,10010.0002288818,4.42220068,5.21700000762939,731211.02,8504992.66,3925633.79
"Ghana","Lower middle income",2010,61.03,6.1,11189.9995803833,4.25117254,5.38000011444092,741245.03,8350244.97,4016839.41
"Ghana","Lower middle income",2011,61.381,6.1,11750,4.71008253,5.59600019454956,756012.61,8061889.11,4131445.02
"Ghana","Lower middle income",2012,61.72,6.4,14609.9996566772,4.03214407,5.91099977493286,767848.3,7806557.59,4227053.48
"Ghana","Lower middle income",2013,62.064,6.6,15630.0001144409,4.62300539,6.20300006866455,785815.44,7640207.16,4330458.57
"Ghana","Lower middle income",2014,62.416,7.1,15090.0001525879,4.10044813,6.52400016784668,813168.55,7454029.49,4467086.86
"Ghana","Lower middle income",2015,62.772,7.7,15779.9997329712,4.62171459,6.80999994277954,855628.63,7313162.89,4611697.34
"Ghana","Lower middle income",2016,63.124,7.7,16069.9996948242,3.46157742,5.52699995040894,878314.83,7111442.22,4761360.78
"Ghana","Lower middle income",2017,63.463,7.1,17010.0002288818,3.35796332,4.21999979019165,892797.03,6911805.68,4884650.97
"Ghana","Lower middle income",2018,63.78,6.2,18680.0003051758,3.48865867,4.27600002288818,866262.23,6647801.59,4906354.3
"Ghana","Lower middle income",2019,64.074,5.2,20040.0009155273,3.41858864,4.31599998474121,864675.09,6428231.58,4992952.6
"Kenya","Lower middle income",2001,51.101,32.2,7610,4.80369139,2.98900008201599,796122.25,16737067.36,3793539.32
"Kenya","Lower middle income",2002,51.606,33.6,7420.00007629395,4.95863724,2.99600005149841,814440.8,16781791.34,3958195.61
"Kenya","Lower middle income",2003,52.41,34.9,6530.00020980835,5.16912365,2.96900010108948,848472.73,16738010.08,4134060.35
"Kenya","Lower middle income",2004,53.475,32.1,7440.00005722046,5.34494877,2.94199991226196,894196.56,16477901.4,4292616.28
"Kenya","Lower middle income",2005,54.732,28.5,8319.99969482422,5.31436443,2.92400002479553,948916.52,16008150.7,4450879.6
"Kenya","Lower middle income",2006,56.093,26.1,9300.00019073486,5.87344933,2.90700006484985,992344.83,15420186.15,4604534.26
"Kenya","Lower middle income",2007,57.463,26.9,9369.99988555908,5.99706697,2.89100003242493,1033008.13,14713713.13,4753937.62
"Kenya","Lower middle income",2008,58.76,26.6,9909.99984741211,6.04985189,2.91599988937378,1160267.93,14100254.18,4891703.56
"Kenya","Lower middle income",2009,59.932,24.7,11710.000038147,6.02780342,2.8840000629425,1070799.72,13566824.61,5046911.37
"Kenya","Lower middle income",2010,60.959,22.2,12640.0003433228,6.11675262,2.83899998664856,1087597.04,13018387.28,5224568.63
"Kenya","Lower middle income",2011,61.851,20.6,13029.9997329712,5.81170082,2.83699989318848,1114789.94,12528123.46,5394770.69
"Kenya","Lower middle income",2012,62.659,19.8,12149.9996185303,5.61369753,2.83100008964539,1138229.44,12147734.03,5519886.52
"Kenya","Lower middle income",2013,63.419,19.5,14100.0003814697,5.51942158,2.80800008773804,1174955.78,11867652.04,5641066.58
"Kenya","Lower middle income",2014,64.135,19.6,15149.9996185303,5.4593358,2.79500007629395,1144149.55,11611948.93,5765346.72
"Kenya","Lower middle income",2015,64.798,21.5,17209.9990844727,5.21938562,2.77699995040894,1157115.86,11220647.59,5880993.92
"Kenya","Lower middle income",2016,65.393,23.3,19110.0006103516,5.14090776,2.75999999046326,1149212.57,10802501.3,6013473.15
"Kenya","Lower middle income",2017,65.909,25.1,18979.9995422363,4.1409831,3.51300001144409,1193374.2,10403164.84,6175311.76
"Kenya","Lower middle income",2018,66.342,24.7,17489.9997711182,4.30564117,4.24900007247925,1197549.71,10118595.59,6341455.2
"Kenya","Lower middle income",2019,66.699,25.6,22280.0006866455,4.59182692,5.01000022888184,1184580.73,9981772.22,6514141.14
"Lesotho","Lower middle income",2001,46.197,20,400,7.27745914,34.6349983215332,129978,1373764.09,360118.16
"Lesotho","Lower middle income",2002,44.898,18.5,409.999996423721,6.74524212,33.8600006103516,136056.06,1447980.8,370767.07
"Lesotho","Lower middle income",2003,43.845,16.8,409.999996423721,6.04550838,32.9550018310547,141656.85,1519004.23,382575.7
"Lesotho","Lower middle income",2004,43.083,15.3,430.000007152557,6.05738878,32.1759986877441,146952.14,1575203.08,391376.82
"Lesotho","Lower middle income",2005,42.658,13.7,430.000007152557,5.44926691,31.3099994659424,150238.58,1587788.28,397447.7
"Lesotho","Lower middle income",2006,42.595,12.8,430.000007152557,6.11966419,30.4619998931885,152329.04,1552646.71,400777.15
"Lesotho","Lower middle income",2007,42.854,12.4,439.999997615814,7.28075647,29.6229991912842,156931.67,1466694.16,404271.26
"Lesotho","Lower middle income",2008,43.384,12.3,460.00000834465,7.70154142,28.7600002288818,158249.14,1360606.55,409964.07
"Lesotho","Lower middle income",2009,44.146,11.9,529.999971389771,8.99738979,28.0249996185303,159963.95,1273532.85,412022.31
"Lesotho","Lower middle income",2010,45.1,11.6,550.000011920929,8.41961861,27.0790004730225,162722.92,1216618.77,418187.33
"Lesotho","Lower middle income",2011,46.207,12,569.999992847443,9.56151676,26.2439994812012,166606.46,1215897.94,423405.45
"Lesotho","Lower middle income",2012,47.416,14.8,620.000004768372,9.25281525,25.3689994812012,168314.52,1241929.83,432016.17
"Lesotho","Lower middle income",2013,48.663,19.3,610.000014305115,9.5466814,24.5799999237061,168863.73,1252935.18,439624.29
"Lesotho","Lower middle income",2014,49.891,26.1,610.000014305115,9.17449284,24.2210006713867,170333.19,1255235.49,445592.04
"Lesotho","Lower middle income",2015,51.038,30.3,649.999976158142,8.99539375,23.8409996032715,171049.25,1220944.95,448728.27
"Lesotho","Lower middle income",2016,52.059,32,689.999997615814,8.75972462,23.4750003814697,169438.9,1145360.63,446822.92
"Lesotho","Lower middle income",2017,52.947,29.5,699.999988079071,10.08778667,23.2000007629395,168813.85,1074969.92,445954.55
"Lesotho","Lower middle income",2018,53.705,28.7,730.000019073486,10.90125179,22.8129997253418,169577.15,1037925.42,448950.43
"Lesotho","Lower middle income",2019,54.331,31.2,769.999980926514,11.26946354,22.4400005340576,170550.1,1023104.35,454034.4
"Liberia","Low income",2001,52.236,36.6,450,3.49858928,2.12800002098084,127482.95,2142154.71,468017.27
"Liberia","Low income",2002,52.826,38.1,449.999988079071,2.89440227,2.14199995994568,247413.39,2007778.24,460964.04
"Liberia","Low income",2003,53.554,37.6,479.999989271164,3.65521455,2.18199992179871,308828.27,1908624.74,458230.72
"Liberia","Low income",2004,54.422,36.5,560.000002384186,9.17063904,2.17400002479553,91027.35,1826646.59,462934.07
"Liberia","Low income",2005,55.393,35.8,670.000016689301,9.68472099,2.18600010871887,94838.99,1756070.71,480392.15
"Liberia","Low income",2006,56.4,35.3,689.999997615814,8.4906292,2.19899988174438,95820.43,1707926.37,497144.66
"Liberia","Low income",2007,57.365,34.4,639.999985694885,10.79883385,2.21300005912781,97767.81,1661382.64,511856.88
"Liberia","Low income",2008,58.229,32.9,540.000021457672,9.01321793,2.23300004005432,101116.39,1624877.02,525751.92
"Liberia","Low income",2009,58.971,33.1,540.000021457672,9.40705395,2.25300002098084,105251.21,1604635.56,550813.11
"Liberia","Low income",2010,59.6,34.5,730.000019073486,8.94644737,2.26999998092651,111381.46,1596682.54,575941.18
"Liberia","Low income",2011,60.146,35.7,850.000023841858,9.4238615,2.21799993515015,112472.09,1567236.35,590450.29
"Liberia","Low income",2012,60.663,36.2,949.999988079071,8.7670517,2.17000007629395,114754.03,1507176.84,608333.76
"Liberia","Low income",2013,61.186,36.1,920.000016689301,8.28010082,2.11899995803833,115561.81,1458135.39,617568.94
"Liberia","Low income",2014,61.723,36.8,1220.00002861023,9.20679283,2.07999992370605,113695.88,1792166.04,618467.58
"Liberia","Low income",2015,62.269,36.4,1259.99999046326,10.63758373,2.07999992370605,110574.86,1544823.86,623187.63
"Liberia","Low income",2016,62.802,36.3,1409.9999666214,9.85343266,3.07999992370605,110487.06,1364474.81,628845.81
"Liberia","Low income",2017,63.295,36.6,1279.99997138977,9.09297276,3.04900002479553,107955.67,1306118.65,632671.97
"Liberia","Low income",2018,63.73,37.5,1129.99999523163,9.03880787,3.02999997138977,108670.33,1250924.56,642836.05
"Liberia","Low income",2019,64.104,39.2,1179.99994754791,8.47005749,3.01500010490417,112419.93,1206620.39,656823.31
"Madagascar","Low income",2001,59.129,33.8,1670,4.75725555,5.34999990463257,470651.04,7463686.06,2701577.95
"Madagascar","Low income",2002,59.717,35.2,1120.00000476837,4.97110605,5.35400009155273,484931.83,7477200.06,2776440.76
"Madagascar","Low income",2003,60.256,36.5,1549.99995231628,4.74734688,5.01000022888184,489933.95,7407485.9,2840668.24
"Madagascar","Low income",2004,60.752,35,1649.99997615814,5.25489902,3.83299994468689,507803.58,7367280.55,2890146.3
"Madagascar","Low income",2005,61.212,33.4,1710.00003814697,5.20261955,2.61999988555908,501460.34,7259330.43,2955506.1
"Madagascar","Low income",2006,61.65,31,1639.99998569489,5.07627583,2.93899989128113,495679.31,7230205.02,2996523.06
"Madagascar","Low income",2007,62.079,30.5,1720.00002861023,4.49428749,3.26099991798401,507386.21,7184699.43,3051358.23
"Madagascar","Low income",2008,62.509,30.4,1779.99997138977,4.10616875,3.58200001716614,524290.78,7115964.64,3151125.83
"Madagascar","Low income",2009,62.944,29.7,1690.00005722046,4.41676188,3.97499990463257,539464.12,7098257.26,3234177.99
"Madagascar","Low income",2010,63.388,28.2,1870.00000476837,4.65100336,4.28000020980835,535392.1,7090977.06,3291985.37
"Madagascar","Low income",2011,63.836,27.3,2190.00005722046,4.43843079,2.44400000572205,539357.48,7002948.1,3370290.96
"Madagascar","Low income",2012,64.28,29.4,2740.00000953674,3.82249737,0.600000023841858,554903.03,6906885.91,3444239.82
"Madagascar","Low income",2013,64.713,33,2930.0000667572,3.73896837,0.995000004768372,557501,6833119.98,3509795.74
"Madagascar","Low income",2014,65.133,37.6,3009.99999046326,4.42833662,1.38999998569489,583329.37,6703446.7,3594928.09
"Madagascar","Low income",2015,65.539,40.2,3279.99997138977,4.97224474,1.78999996185303,577487.78,6588260.75,3673974.47
"Madagascar","Low income",2016,65.931,41.6,3180.0000667572,5.25697422,1.80499994754791,576993.67,6469074.71,3759391.31
"Madagascar","Low income",2017,66.311,42.3,3470.00002861023,4.84431553,1.82299995422363,590791.34,6324134.17,3854013.73
"Madagascar","Low income",2018,66.681,44.3,3349.99990463257,4.19787312,1.84300005435944,596802.28,6206243.91,3952185.36
"Madagascar","Low income",2019,67.041,47.4,4119.99988555908,3.68728375,1.85699999332428,596008.21,6084479.07,4045294.79
"Malawi","Low income",2001,45.204,23.6,680,2.38508582,5.83500003814697,405908.25,10740293.29,1955136.44
"Malawi","Low income",2002,45.517,23.8,680.000007152557,3.77586961,5.81300020217896,399346.32,10559984.77,1969022.55
"Malawi","Low income",2003,46.052,24.6,750,4.67483664,5.80399990081787,398181.05,10242590.66,1989778.64
"Malawi","Low income",2004,46.823,24,769.999980926514,5.73337364,5.81899976730347,392911.38,9987238.65,1993660.22
"Malawi","Low income",2005,47.844,22.5,759.999990463257,6.05505085,5.84299993515015,387049.3,9646018.59,1988341.65
"Malawi","Low income",2006,49.118,20.8,779.999971389771,6.91642094,5.84899997711182,381804.76,9198568.76,1998108.87
"Malawi","Low income",2007,50.595,19.3,829.999983310699,7.66315603,5.83699989318848,377955.8,8678765.6,1999379.94
"Malawi","Low income",2008,52.206,19,959.999978542328,8.59821701,5.86100006103516,371367.59,8125653,2005475.11
"Malawi","Low income",2009,53.888,17.1,980.000019073486,8.26966286,5.87200021743774,382374.15,7577334.05,2055236.52
"Malawi","Low income",2010,55.564,15.5,889.999985694885,7.24138308,5.89400005340576,392139.91,7074948.69,2114559.41
"Malawi","Low income",2011,57.161,13.7,930.000007152557,7.49375153,5.92000007629395,408466.55,6554340.48,2183126.5
"Malawi","Low income",2012,58.629,14,949.999988079071,8.47898579,5.9520001411438,410318.43,6071111,2217410.86
"Malawi","Low income",2013,59.931,14.8,980.000019073486,11.57910728,5.94999980926514,405779.44,5709964.03,2242633.92
"Malawi","Low income",2014,61.042,15.4,850.000023841858,9.71205044,5.89799976348877,405444.72,5453776.36,2275648.62
"Malawi","Low income",2015,61.953,16,930.000007152557,9.33334064,5.86399984359741,425979.48,5286826.68,2318005.94
"Malawi","Low income",2016,62.681,16.1,1120.00000476837,10.87966633,5.81699991226196,408325.5,5189008.69,2355866.72
"Malawi","Low income",2017,63.279,16.6,1190.00005722046,10.88755989,5.76000022888184,406598.03,4948217.64,2389662.76
"Malawi","Low income",2018,63.798,16.8,1379.99999523163,9.82898998,5.75799989700317,414839.88,4705368.89,2456336.86
"Malawi","Low income",2019,64.263,17.6,1450.00004768372,7.39341164,5.7519998550415,421938.54,4566247.69,2516337.99
"Mali","Low income",2001,48.758,16.2,1610,4.51951408,6.30299997329712,636033.28,10054240.09,2017488.66
"Mali","Low income",2002,49.54,15.2,1399.99997615814,4.99772739,7.16400003433228,677194.71,9999023.71,2110240.42
"Mali","Low income",2003,50.373,15.1,1399.99997615814,5.05059528,7.89799976348877,651226.14,10023158.9,2157201.46
"Mali","Low income",2004,51.224,14.4,1480.00001907349,5.21768284,8.75,555299.08,10072810.42,2202618.27
"Mali","Low income",2005,52.057,13.3,1649.99997615814,5.19515705,9.68900012969971,559210.25,10106599.71,2255837.98
"Mali","Low income",2006,52.839,11.9,1889.99998569489,5.45588827,10.6990003585815,584696.32,10150284.91,2316706.22
"Mali","Low income",2007,53.553,10.4,2069.9999332428,5.25303316,11.710000038147,578778.65,10190666.42,2378772.62
"Mali","Low income",2008,54.193,9.4,2079.99992370605,5.04372358,10.4940004348755,608940.37,10183254.81,2476700.94
"Mali","Low income",2009,54.756,7.4,2509.99999046326,5.22657919,9.28699970245361,631624.62,10192848.16,2562387.48
"Mali","Low income",2010,55.251,5.8,2779.99997138977,4.67865038,8.06999969482422,631314.28,10248188.83,2618578.83
"Mali","Low income",2011,55.701,4.2,3119.99988555908,4.01483822,6.90000009536743,631356.62,10277501.22,2666047.9
"Mali","Low income",2012,56.135,3.9,3109.99989509583,3.7521615,6.65000009536743,670394.26,10357571.28,2733586.8
"Mali","Low income",2013,56.578,3.7,3220.00002861023,3.96750712,6.34999990463257,730859.94,10595151,2800653.79
"Mali","Low income",2014,57.036,3.6,3380.00011444092,4.48156309,6.38000011444092,691349.01,10693305.91,2886516.86
"Mali","Low income",2015,57.509,3.4,3650.00009536743,4.11143351,7.73000001907349,734243.79,10713095.47,3002249.94
"Mali","Low income",2016,57.987,3.1,4670.00007629395,3.77377391,7.57000017166138,785125.44,10541209.83,3201311.76
"Mali","Low income",2017,58.452,3.1,5179.99982833862,3.67425632,7.40999984741211,861303.54,10455713.77,3330760.45
"Mali","Low income",2018,58.893,3.4,5469.99979019165,3.73249865,7.42799997329712,959531.67,10432991.12,3408505.59
"Mali","Low income",2019,59.306,5.6,5829.99992370605,3.89389849,7.44199991226196,917064.7,10446688.28,3483913.85
"Mauritania","Lower middle income",2001,60.788,8.3,1400,3.57184672,9.82800006866455,104174.18,952086.34,394271.32
"Mauritania","Lower middle income",2002,60.892,7.9,1549.99995231628,4.00226164,9.81999969482422,105279.52,939459.91,399696.77
"Mauritania","Lower middle income",2003,61.018,8.3,1480.00001907349,4.03255796,9.78899955749512,103176.16,935953.5,401128.2
"Mauritania","Lower middle income",2004,61.17,8.5,1639.99998569489,3.70430946,9.81099987030029,101159.87,921169.95,408811.2
"Mauritania","Lower middle income",2005,61.349,9.4,1509.99999046326,3.40313458,9.79199981689453,109696.6,903726.12,416894.07
"Mauritania","Lower middle income",2006,61.552,8.8,1730.00001907349,2.70253325,9.73200035095215,107522.57,866695.78,427071.51
"Mauritania","Lower middle income",2007,61.776,8.1,1990.00000953674,2.87644672,9.8769998550415,107033.34,850409.88,427353.1
"Mauritania","Lower middle income",2008,62.015,7.3,1899.99997615814,3.01339459,9.87100028991699,103004.82,832367.65,429665.19
"Mauritania","Lower middle income",2009,62.266,7.8,2349.99990463257,3.11034536,9.87399959564209,105346.36,804285.46,443215.18
"Mauritania","Lower middle income",2010,62.527,8.2,2400.00009536743,2.63619399,9.86200046539307,103656.12,792053.19,445700.41
"Mauritania","Lower middle income",2011,62.799,8.3,2460.00003814697,2.47383666,9.85700035095215,105277.55,773874.33,453848.47
"Mauritania","Lower middle income",2012,63.079,7.9,2730.00001907349,2.64919353,9.85999965667725,108836.96,743968.61,469608.4
"Mauritania","Lower middle income",2013,63.366,7.9,2589.99991416931,2.86799884,9.95699977874756,111887.61,723629.75,478194.75
"Mauritania","Lower middle income",2014,63.654,8,2900.00009536743,3.46724391,10.0509996414185,106649.7,717445.72,476925.8
"Mauritania","Lower middle income",2015,63.936,8.3,3559.99994277954,3.67363763,10.1379995346069,106015.29,698992.14,485736.86
"Mauritania","Lower middle income",2016,64.208,8.5,3259.99999046326,3.09649324,10.2609996795654,103368.87,682418.58,488427.71
"Mauritania","Lower middle income",2017,64.464,8.5,3490.00000953674,3.33722878,10.3400001525879,105846.74,654014.08,500493.04
"Mauritania","Lower middle income",2018,64.704,8.6,3690.00005722046,3.57909012,10.3850002288818,103300.08,640828.86,504601.56
"Mauritania","Lower middle income",2019,64.925,9.2,3950.00004768372,3.30329728,10.3929996490479,102403.25,626351.46,512329.29
"Mauritius","Upper middle income",2001,71.7658536585366,5.7,2570,2.96084642,9.14000034332275,31585.82,43197.63,278067.42
"Mauritius","Upper middle income",2002,71.9658536585366,5.6,2609.99989509583,3.23190355,8.19999980926514,32139.46,42341.9,285437.6
"Mauritius","Upper middle income",2003,72.1170731707317,5.4,2750,3.22486687,8.24899959564209,31165.35,40914.65,290498.46
"Mauritius","Upper middle income",2004,72.2658536585366,5.2,2769.99998092651,3.36119127,8.34000015258789,31357.68,40640.89,292200.2
"Mauritius","Upper middle income",2005,72.4321951219512,5.1,2960.00003814697,3.56529307,9.52000045776367,31439.56,40069.93,298252.99
"Mauritius","Upper middle income",2006,72.4321951219512,5,3299.99995231628,3.65428853,9.03999996185303,31925.42,39705.43,301303.77
"Mauritius","Upper middle income",2007,72.5707317073171,5.2,3400.00009536743,3.57065129,8.47999954223633,31741.94,40538.69,302218.49
"Mauritius","Upper middle income",2008,72.5707317073171,5,3470.00002861023,3.99199653,7.17000007629395,31836.82,39388.22,310640.7
"Mauritius","Upper middle income",2009,72.8824390243903,4.7,3420.00007629395,4.2265029,7.26000022888184,32103.02,37951.48,316900.09
"Mauritius","Upper middle income",2010,72.9673170731707,4.3,3660.00008583069,4.57982111,7.65000009536743,31785,38312.06,316424.1
"Mauritius","Upper middle income",2011,73.2668292682927,4.5,3640.00010490417,4.3078289,7.44999980926514,31829.07,38303.73,316519.8
"Mauritius","Upper middle income",2012,73.8634146341464,4.9,3730.00001907349,4.27675056,7.46999979019165,30661.29,39428.52,319023.31
"Mauritius","Upper middle income",2013,74.0170731707317,5.2,3819.9999332428,4.68303633,7.32000017166138,30900.62,39509.26,318292.56
"Mauritius","Upper middle income",2014,74.1943902439024,5.3,3950.00004768372,5.49399614,7.46999979019165,30226.7,40124.47,325883.23
"Mauritius","Upper middle income",2015,74.3531707317073,5.6,3960.00003814697,5.6999588,7.40999984741211,30757.48,38611.04,331007.95
"Mauritius","Upper middle income",2016,74.3948780487805,5.8,4039.99996185303,5.70678568,6.80999994277954,30368.54,39577.87,336756.96
"Mauritius","Upper middle income",2017,74.5146341463415,6,4170.00007629395,5.80943251,6.75,30743.78,38401.49,343050.3
"Mauritius","Upper middle income",2018,74.4163414634146,6,4130.00011444092,5.86705875,6.42999982833862,30212.24,37465.23,350359.44
"Mauritius","Upper middle income",2019,74.2358536585366,7.2,4170.00007629395,6.19943714,6.32999992370605,29876.03,36780.42,355910.13
"Mozambique","Low income",2001,49.295,36.5,1410,2.95498824,2.84299993515015,727102.3,14740275.43,2789224.28
"Mozambique","Low income",2002,49.61,35.2,1570.00005245209,3.34283662,2.89199995994568,732196.97,14847906.88,2843547.27
"Mozambique","Low income",2003,49.889,34.1,1899.99997615814,3.4220655,2.94000005722046,725043.61,14934964.78,2899878.3
"Mozambique","Low income",2004,50.143,34.1,1909.9999666214,3.6926434,2.97199988365173,737846.17,14967643.87,2983998.36
"Mozambique","Low income",2005,50.387,33.3,1710.00003814697,4.39079046,3.01500010490417,758310.49,14977648.67,3077260.34
"Mozambique","Low income",2006,50.641,32.4,1860.00001430511,4.10098362,3.03900003433228,827168.52,14650808.64,3264524.15
"Mozambique","Low income",2007,50.934,29.9,2230.00001907349,3.94103193,3.08500003814697,874601.98,14288511.74,3381488.08
"Mozambique","Low income",2008,51.292,28.6,2240.00000953674,4.23261261,3.12899994850159,885984.58,14018887.41,3496987.45
"Mozambique","Low income",2009,51.738,25.8,2490.00000953674,5.21038246,3.17499995231628,890243.34,14006878.14,3579384.73
"Mozambique","Low income",2010,52.31,24.1,2680.0000667572,5.44726419,3.21700000762939,898338.51,14018851.69,3658618.25
"Mozambique","Low income",2011,53.043,21.8,3349.99990463257,5.00311899,3.25500011444092,887184.64,14069832.25,3715014.37
"Mozambique","Low income",2012,53.931,21,3680.0000667572,5.24640608,3.29800009727478,905584.98,14069305.36,3823496.66
"Mozambique","Low income",2013,54.949,22.4,4199.99980926514,6.12555981,3.34200000762939,925715.99,13873504.92,3912747.4
"Mozambique","Low income",2014,56.062,25.7,4860.0001335144,6.33231783,3.38299989700317,931664.25,13402161.27,3989934.61
"Mozambique","Low income",2015,57.206,29.7,5519.99998092651,6.7166338,3.4300000667572,956260.3,12955070.5,4054041.84
"Mozambique","Low income",2016,58.309,31.5,7280.00020980835,7.17241096,3.44700002670288,950629.37,12607178.23,4099490.25
"Mozambique","Low income",2017,59.309,31.4,7210.00003814697,7.75916147,3.45099997520447,945027.37,12304175.53,4155584.34
"Mozambique","Low income",2018,60.163,31,6949.99980926514,8.09185696,3.45600008964539,968964.87,12028210.96,4239750.86
"Mozambique","Low income",2019,60.854,31.8,7500,7.83351135,3.46600008010864,1032743.51,11750994.35,4386537.55
"Namibia","Upper middle income",2001,51.399,13.5,2460,9.53211975,20.7959995269775,99918.92,901324.95,308421.3
"Namibia","Upper middle income",2002,50.862,14.5,2130.00011444092,9.73386574,21.2269992828369,105022.58,943998.17,316627.17
"Namibia","Upper middle income",2003,50.589,15.7,2269.99998092651,9.87848473,21.7180004119873,104940.81,982282.45,320163.94
"Namibia","Upper middle income",2004,50.6,16.6,2380.00011444092,10.18727589,22.0900001525879,102382.66,984182.69,320135.76
"Namibia","Upper middle income",2005,50.931,18.2,2529.99997138977,10.19230366,22.2169990539551,102857.89,937307.7,320669.17
"Namibia","Upper middle income",2006,51.609,20.1,2529.99997138977,10.13995361,22.1439990997314,100542.65,867437.81,318455.49
"Namibia","Upper middle income",2007,52.593,23.5,2619.99988555908,10.71633053,22.1580009460449,100234.39,774534.56,318536.88
"Namibia","Upper middle income",2008,53.817,27.6,2950.00004768372,9.91801167,22.1860008239746,101683.96,702638.11,319355.74
"Namibia","Upper middle income",2009,55.207,29.5,3019.99998092651,9.04967022,22.2089996337891,104059.37,671830.77,321759.88
"Namibia","Upper middle income",2010,56.665,28.8,3130.00011444092,9.72781372,22.1200008392334,99222.03,644030.53,325810.33
"Namibia","Upper middle income",2011,58.085,25.5,3329.99992370605,9.83193302,19.4559993743896,103302.22,609716.27,327053.85
"Namibia","Upper middle income",2012,59.387,23.5,3529.99997138977,9.26659298,16.7700004577637,95206.65,571980.48,331121.25
"Namibia","Upper middle income",2013,60.513,22.2,3789.99996185303,9.06448746,19.0300006866455,99407.34,555838.2,338641.31
"Namibia","Upper middle income",2014,61.425,21.5,3950.00004768372,8.40890884,18.5200004577637,99499.58,561571.16,346743.52
"Namibia","Upper middle income",2015,62.119,21,4199.99980926514,9.98109627,20.9109992980957,100473.94,557023,354543.67
"Namibia","Upper middle income",2016,62.625,20.2,4130.00011444092,9.3223238,23.3500003814697,100873.94,549512.29,361780.92
"Namibia","Upper middle income",2017,63.021,19.9,4269.99998092651,8.72573948,21.6389999389648,101159.77,537805.1,368491.59
"Namibia","Upper middle income",2018,63.373,20,4230.00001907349,8.31428051,19.8799991607666,102153.69,509671.41,376134.42
"Namibia","Upper middle income",2019,63.708,18.9,4219.99979019165,8.49700546,19.988000869751,101189.7,495609.33,382303.1
"Nigeria","Lower middle income",2001,46.51,8.9,101950,3.18946958,3.93499994277954,4401973.88,102340440,21881704.97
"Nigeria","Lower middle income",2002,46.835,8.9,92239.9978637695,2.49064016,3.88199996948242,4491087.7,103250681.2,22506808.29
"Nigeria","Lower middle income",2003,47.242,8.6,101000,5.05360937,3.8989999294281,4409211.19,103785390.8,23011070.21
"Nigeria","Lower middle income",2004,47.72,7.9,98730.0033569336,4.6336832,3.87599992752075,4623162.66,103427955.2,23540559.92
"Nigeria","Lower middle income",2005,48.252,7.1,98720.0012207031,4.46591902,3.87100005149841,4456443.11,102794721.2,23985556.96
"Nigeria","Lower middle income",2006,48.812,6.7,88769.9966430664,4.25775146,3.85599994659424,4645553.28,101506646.7,24699719.97
"Nigeria","Lower middle income",2007,49.373,6.6,81120.002746582,3.90997314,3.83699989318848,4704784.21,100012649.4,25214586.66
"Nigeria","Lower middle income",2008,49.913,6.8,86930.0003051758,3.6958158,3.81900000572205,4692622.33,99021410.27,25447548.24
"Nigeria","Lower middle income",2009,50.422,7.5,76949.9969482422,3.58019733,3.7960000038147,4802906.41,97783183.19,25918773.5
"Nigeria","Lower middle income",2010,50.896,8.2,90059.9975585938,3.29653287,3.77800011634827,4831859.73,96168098.81,26408705.15
"Nigeria","Lower middle income",2011,51.346,8.8,95000,3.32077932,3.76999998092651,4874719.86,94488547.54,26925253.83
"Nigeria","Lower middle income",2012,51.786,9.1,95339.9963378906,3.35984278,3.74200010299683,4994726.03,92772069.15,27609123.96
"Nigeria","Lower middle income",2013,52.228,9.1,108129.997253418,3.42069316,3.70000004768372,5253874.49,91427866.22,28118617.51
"Nigeria","Lower middle income",2014,52.672,9.2,114830.001831055,3.34840369,4.55999994277954,5910646.52,89927174.48,28563400.14
"Nigeria","Lower middle income",2015,53.112,9.2,107760.00213623,3.58194971,4.30999994277954,5966517.42,87952359.98,29211555.01
"Nigeria","Lower middle income",2016,53.541,9.4,110830.001831055,3.64773679,7.05999994277954,5428544.09,85901410.12,29811144.13
"Nigeria","Lower middle income",2017,53.95,10,108500,3.75336528,8.39000034332275,5448417.27,83459500.97,30200836.13
"Nigeria","Lower middle income",2018,54.332,10.4,109889.999389648,3.09069371,8.45600032806396,5452378.35,81434372.38,30581674.68
"Nigeria","Lower middle income",2019,54.687,12,115279.998779297,3.02666044,8.52999973297119,5186514.39,79850657.61,31050075.61
"Rwanda","Low income",2001,49.936,38.5,560,3.89250112,0.842999994754791,622884.72,5434698.89,1375113.91
"Rwanda","Low income",2002,50.987,35.2,560.000002384186,3.66946197,0.889999985694885,487476.68,5170282.74,1385720.15
"Rwanda","Low income",2003,52.178,34.6,550.000011920929,8.02439117,0.939999997615814,512176.72,4862941.85,1400810.54
"Rwanda","Low income",2004,53.595,35.9,560.000002384186,8.54291725,0.948000013828278,488696.49,4474089.96,1438966.48
"Rwanda","Low income",2005,55.254,35.3,550.000011920929,8.77702618,0.96399998664856,481357.84,4075211.69,1448670.72
"Rwanda","Low income",2006,57.083,33.7,550.000011920929,7.58474445,0.986000001430511,472086.44,3686469.48,1449106.29
"Rwanda","Low income",2007,58.915,32.3,579.999983310699,7.83395863,1.01199996471405,463996.19,3406660.53,1459393.37
"Rwanda","Low income",2008,60.612,29.5,560.000002384186,7.5351038,1.02400004863739,450604.35,3241657.46,1465096.05
"Rwanda","Low income",2009,62.129,29.9,589.999973773956,7.77558613,1.05999994277954,549737.49,3008348.19,1450920.95
"Rwanda","Low income",2010,63.433,31.4,600.000023841858,8.05313301,1.07799994945526,442415.94,2862099.89,1481781.05
"Rwanda","Low income",2011,64.523,34.3,680.000007152557,7.90435696,1.09899997711182,432341.51,2717789.79,1510703.76
"Rwanda","Low income",2012,65.438,34.5,750,8.06890869,1.11800003051758,428090.7,2630183.99,1551004.86
"Rwanda","Low income",2013,66.219,34.8,810.000002384186,6.74579239,1.15199995040894,409029.01,2380031.96,1555737.73
"Rwanda","Low income",2014,66.884,35.1,860.000014305115,6.95749235,1.16999995708466,416658.4,2283131.49,1604944.25
"Rwanda","Low income",2015,67.45,35.3,980.000019073486,6.62107325,1.14800000190735,419560.12,2270928.85,1647263.74
"Rwanda","Low income",2016,67.93,34.9,1159.9999666214,6.92619371,1.14400005340576,436845.54,2263839.34,1686311.3
"Rwanda","Low income",2017,68.341,34.7,1190.00005722046,6.38999128,1.13699996471405,419208.85,2209880.19,1722618.61
"Rwanda","Low income",2018,68.7,34.7,1289.99996185303,6.6816082,1.11099994182587,431008.59,2101015.45,1778540.73
"Rwanda","Low income",2019,69.024,35.2,1330.00004291534,6.41066742,1.09800004959106,423894.53,2049319.36,1822418
"Sao Tome and Principe","Lower middle income",2001,62.017,14.7,50,10.83180332,15.7299995422363,3361.28,39262.77,24498.78
"Sao Tome and Principe","Lower middle income",2002,62.687,12.8,59.9999986588955,10.66279221,17.6299991607666,3781.09,36011.64,25804.54
"Sao Tome and Principe","Lower middle income",2003,63.359,11.2,70.0000002980232,12.6178236,16.3600006103516,3268.34,36798.71,24566.31
"Sao Tome and Principe","Lower middle income",2004,64.02,9.8,70.0000002980232,11.86979675,16.1200008392334,3888.15,33050.62,26464.67
"Sao Tome and Principe","Lower middle income",2005,64.659,9,79.9999982118607,11.51630402,16.4699993133545,3303.5,35858.7,24876.27
"Sao Tome and Principe","Lower middle income",2006,65.27,9,79.9999982118607,8.27670765,16.6499996185303,3832.71,31177.03,26649.59
"Sao Tome and Principe","Lower middle income",2007,65.854,9.8,79.9999982118607,8.1677618,16.2339992523193,4698.14,28289.04,27384.36
"Sao Tome and Principe","Lower middle income",2008,66.412,11.1,90.0000035762787,7.11202765,15.6309995651245,4948.35,27718.05,27121.43
"Sao Tome and Principe","Lower middle income",2009,66.938,12.1,90.0000035762787,7.19514179,15.1990003585815,3792.05,25773.81,27489.54
"Sao Tome and Principe","Lower middle income",2010,67.43,13,100.000001490116,6.84464884,14.6049995422363,3945.29,23395.06,28459.76
"Sao Tome and Principe","Lower middle income",2011,67.885,13.5,100.000001490116,6.75577354,14.1079998016357,3659.3,23856.95,27821.03
"Sao Tome and Principe","Lower middle income",2012,68.306,13.3,119.999997317791,6.47629499,13.5900001525879,3597.16,24466.1,27950.51
"Sao Tome and Principe","Lower middle income",2013,68.695,12.9,119.999997317791,7.93743801,13.6490001678467,3761.59,23236.75,28865.32
"Sao Tome and Principe","Lower middle income",2014,69.052,13,119.999997317791,6.73101854,13.7049999237061,4149,20123.09,30638.16
"Sao Tome and Principe","Lower middle income",2015,69.377,12.9,119.999997317791,5.34009647,13.8210000991821,4162.92,19209.21,31084.18
"Sao Tome and Principe","Lower middle income",2016,69.67,12.9,129.999995231628,6.43088818,13.8940000534058,4170.61,18418.71,31549.51
"Sao Tome and Principe","Lower middle income",2017,69.933,12.5,140.000000596046,6.46091604,13.9739999771118,4243.95,17406.41,32227.24
"Sao Tome and Principe","Lower middle income",2018,70.17,12.8,140.000000596046,5.84369802,14.0609998703003,4266.36,16675.36,32774.21
"Sao Tome and Principe","Lower middle income",2019,70.385,13,150.000005960464,5.52976227,14.1440000534058,4293.1,16170.29,33337.54
"Senegal","Lower middle income",2001,58.177,24.1,4460,3.67916536,5.60699987411499,319771.29,4508804.21,1639502.57
"Senegal","Lower middle income",2002,58.675,22.9,4579.99992370605,3.95129871,5.65000009536743,389469.68,4400201.14,1670474.24
"Senegal","Lower middle income",2003,59.259,21.4,4489.99977111816,4.29645395,6.68800020217896,297691.29,4376668.74,1641700.51
"Senegal","Lower middle income",2004,59.912,19.6,5389.9998664856,4.56848049,7.79300022125244,321997.23,4201912.08,1733808.01
"Senegal","Lower middle income",2005,60.62,18.1,5670.00007629395,3.67466164,8.89599990844727,322491.07,4130506.23,1764214.15
"Senegal","Lower middle income",2006,61.365,16.5,5570.00017166138,3.76337719,10.0299997329712,326343.55,4042473.64,1771215.51
"Senegal","Lower middle income",2007,62.126,13.6,6199.99980926514,3.41496325,10.0839996337891,319157.96,3901608.35,1805966.42
"Senegal","Lower middle income",2008,62.88,11.9,6440.00005722046,3.50687575,10.1330003738403,321085.94,3768005.67,1841615.71
"Senegal","Lower middle income",2009,63.607,11,6670.00007629395,3.84157085,10.2110004425049,326440.72,3653873.89,1894866.64
"Senegal","Lower middle income",2010,64.284,11.3,7030.00020980835,4.02764177,10.2639999389648,296715.82,3716347.24,1830704.3
"Senegal","Lower middle income",2011,64.898,11.5,7570.00017166138,4.21416569,10.3599996566772,303726.52,3621193.52,1878086.5
"Senegal","Lower middle income",2012,65.448,11.9,7449.99980926514,4.26687956,9.4379997253418,297815.94,3579299.05,1886908.86
"Senegal","Lower middle income",2013,65.939,12,8010.00022888184,4.38575172,8.57800006866455,305516.48,3473914.77,1943531.97
"Senegal","Lower middle income",2014,66.37,11.8,8569.99969482422,4.39605808,7.64599990844727,328669.46,3317058.41,2045935.25
"Senegal","Lower middle income",2015,66.747,10.7,9289.99996185303,4.38257313,6.76000022888184,331271.48,3264833.98,2091107.35
"Senegal","Lower middle income",2016,67.078,9.5,10130.0001144409,4.26078129,4.46000003814697,340945.55,3175625.12,2155535.42
"Senegal","Lower middle income",2017,67.38,8.5,9800.00019073486,3.99707484,3.69000005722046,344250.34,3144770.08,2177014.17
"Senegal","Lower middle income",2018,67.665,7.8,10180.0003051758,4.23825741,3.27500009536743,336993.39,3019433.1,2179622.92
"Senegal","Lower middle income",2019,67.941,7.4,10619.9998855591,4.13226938,2.85999989509583,334986.7,2919710.61,2219121.17
"Sierra Leone","Low income",2001,40.369,50.7,440,10.97251225,3.45700001716614,215749.14,3974083.31,919964.08
"Sierra Leone","Low income",2002,41.376,49.8,500,11.42102432,3.38800001144409,219195.55,4108946.37,960396.62
"Sierra Leone","Low income",2003,42.419,49.4,550.000011920929,10.82905197,3.41799998283386,228360.19,4196099.95,998688.01
"Sierra Leone","Low income",2004,43.467,48.8,529.999971389771,10.96055317,3.42000007629395,245496.96,4222083.96,1046659.2
"Sierra Leone","Low income",2005,44.502,46.7,449.999988079071,11.03772926,3.54699993133545,253447.1,4215134.36,1081435.51
"Sierra Leone","Low income",2006,45.517,43.7,589.999973773956,10.39398956,3.67199993133545,257917.45,4187974.75,1104926.08
"Sierra Leone","Low income",2007,46.52,41.7,500,10.03516197,3.78800010681152,272984.03,4128718.05,1126324.99
"Sierra Leone","Low income",2008,47.508,40.3,519.999980926514,9.87387085,3.91899991035461,257011.4,4095875.88,1126564.54
"Sierra Leone","Low income",2009,48.468,34.9,519.999980926514,11.09847832,4.04899978637695,273162.17,4016372.81,1142794.92
"Sierra Leone","Low income",2010,49.382,29.1,560.000002384186,10.94338036,4.17000007629395,267320,3911711.83,1178263.76
"Sierra Leone","Low income",2011,50.234,24.4,740.000009536743,13.28134346,4.29400014877319,269043.49,3819282.92,1202219.09
"Sierra Leone","Low income",2012,51.018,24.3,860.000014305115,10.59041977,4.39799976348877,271775.55,3717277.13,1228975.45
"Sierra Leone","Low income",2013,51.731,25.4,1039.99996185303,11.56772041,4.51000022888184,278524.58,3559689.4,1253119.6
"Sierra Leone","Low income",2014,52.372,25,1149.99997615814,19.72741699,4.67999982833862,281476.52,3730231.5,1278082.77
"Sierra Leone","Low income",2015,52.941,25.8,910.000026226044,20.413414,4.74200010299683,276914.76,3511791.97,1292235.02
"Sierra Leone","Low income",2016,53.444,25.9,930.000007152557,16.5259552,4.66300010681152,279141.79,3307688.86,1314401.46
"Sierra Leone","Low income",2017,53.895,27.2,939.999997615814,9.39976025,4.66300010681152,370362.06,3212165.46,1345818.13
"Sierra Leone","Low income",2018,54.309,27.7,860.000014305115,8.28987408,4.65999984741211,289937.47,3111854.64,1377250.05
"Sierra Leone","Low income",2019,54.696,27.9,899.999976158142,8.74976635,4.64900016784668,290513.5,3050253.71,1399862.43
"South Africa","Upper middle income",2001,55.089,3.9,320540,7.93901682,30.6900005340576,4151725.99,19716730.32,9140683.86
"South Africa","Upper middle income",2002,54.31,3.7,331320.007324219,7.46446323,33.2900009155273,4262136.48,21654426.91,9305393.22
"South Africa","Upper middle income",2003,53.749,3.6,353089.996337891,7.91530371,32.310001373291,4371150.64,23438787.12,9485804.71
"South Africa","Upper middle income",2004,53.444,3.4,379989.990234375,7.76453447,29.4500007629395,4343025.73,24812788.85,9520560.09
"South Africa","Upper middle income",2005,53.447,3.4,377649.993896484,7.68997431,29.1200008392334,4255278.03,25566395.36,9560436.89
"South Africa","Upper middle income",2006,53.795,3.5,379790.008544922,7.6922164,28.3400001525879,4179514.36,25633313.36,9712678.98
"South Africa","Upper middle income",2007,54.452,3.6,397059.997558594,7.68138409,26.5400009155273,3983890.08,24867398.15,9635530.8
"South Africa","Upper middle income",2008,55.36,3.6,426739.990234375,7.88024807,22.4099998474121,3839038.77,23707915.28,9670774.64
"South Africa","Upper middle income",2009,56.46,3.6,404200.012207031,8.52350235,23.5200004577637,3659292.03,22010179.64,9714662.44
"South Africa","Upper middle income",2010,57.669,3.7,425309.997558594,8.66596985,24.6800003051758,3481498.84,20398176.2,9737605.2
"South Africa","Upper middle income",2011,58.895,3.8,409260.009765625,8.74146175,24.6399993896484,3249388.73,18802995.44,9656368.15
"South Africa","Upper middle income",2012,60.06,3.9,426779.998779297,8.77310753,24.7299995422363,3167744.13,17267220.16,9670388.37
"South Africa","Upper middle income",2013,61.099,4.3,436920.013427734,8.85552406,24.5599994659424,3086893.81,16095601.28,9752918.28
"South Africa","Upper middle income",2014,61.968,4.8,447929.992675781,8.55091476,24.8899993896484,3091471.33,15505942.05,9976272.1
"South Africa","Upper middle income",2015,62.649,5.2,424809.997558594,8.79018974,25.1499996185303,3056205.04,15134752.41,10134305.69
"South Africa","Upper middle income",2016,63.153,5.4,425140.014648438,8.82142925,26.5400009155273,2942310.94,15022794.19,10168732.47
"South Africa","Upper middle income",2017,63.538,5.5,435649.993896484,8.72262383,27.0400009155273,2977216.27,14686445.75,10241059.2
"South Africa","Upper middle income",2018,63.857,5.7,434350.006103516,8.85829735,26.9099998474121,3106360.43,13713971.05,10148229.39
"South Africa","Upper middle income",2019,64.131,6.3,439640.014648438,9.10935497,28.4699993133545,3174676.1,13198944.71,10214261.89
"Sudan","Low income",2001,58.859,21.5,6250,3.36456847,15.1800003051758,1607027.1,9538031.34,6011769.22
"Sudan","Low income",2002,59.258,20.3,7710.00003814697,3.30010867,15.1309995651245,1781360.42,9255054.57,6029084.02
"Sudan","Low income",2003,59.67,20,7929.99982833862,3.89187932,15.0670003890991,1887946.74,8971072.38,6024222.23
"Sudan","Low income",2004,60.092,19.7,8829.99992370605,4.15593481,15.0539999008179,2206442.57,8656537,6065398.98
"Sudan","Low income",2005,60.525,18.9,10500,4.09418106,14.9659996032715,1540987.98,8185517.27,6219922.47
"Sudan","Low income",2006,60.969,17.6,12899.9996185303,4.88544321,14.8879995346069,1580827.57,7903124.66,6298624.19
"Sudan","Low income",2007,61.422,16.7,13960.000038147,5.66269207,14.8190002441406,1545620.2,7558731.99,6344351.56
"Sudan","Low income",2008,61.879,16.3,14949.9998092651,5.42313623,14.8000001907349,1528468.19,7201594.42,6383086.91
"Sudan","Low income",2009,62.33,16.5,15479.9995422363,6.39496279,13,1619250.95,6955980.69,6410583.81
"Sudan","Low income",2010,62.764,16.5,16420.0000762939,5.05810213,15.1979999542236,1457685.86,6775142.35,6393744.62
"Sudan","Low income",2011,63.171,15.5,15920.0000762939,5.61579561,17.4400005340576,1626500.66,6504760.09,6408379.06
"Sudan","Low income",2012,63.542,13.5,15800.0001907349,5.68827009,17.4549999237061,1409929.05,6231287.6,6470355.32
"Sudan","Low income",2013,63.875,11.7,15220.0002670288,6.96487522,17.4099998474121,1475280.53,5964967.1,6514674.55
"Sudan","Low income",2014,64.169,11.1,16120.0008392334,5.67619705,17.4309997558594,1461511.4,5612200.26,6625696.54
"Sudan","Low income",2015,64.429,11.2,18709.9990844727,7.26747084,17.4899997711182,1475783,5363737.04,6696063.11
"Sudan","Low income",2016,64.663,11.8,21129.9991607666,5.48409986,17.5200004577637,1438030.29,5160833.96,6771233.18
"Sudan","Low income",2017,64.881,11.8,20959.9990844727,6.05546141,17.5330009460449,1305714.68,5003909.71,6834392.54
"Sudan","Low income",2018,65.095,11.8,20860.0006103516,4.43653536,17.5799999237061,1326289.66,4676922.92,6910893.63
"Sudan","Low income",2019,65.311,11.7,20620.0008392334,4.57356596,17.6539993286133,1239503.41,4474028.62,6987040.02
"Tanzania","Lower middle income",2001,51.444,33.1,3130,4.2355175,2.99000000953674,1057619.26,23531447.73,5500812.39
"Tanzania","Lower middle income",2002,52.142,34,3569.9999332428,4.68907547,3.03999996185303,1117431.42,23057313.34,5669230.67
"Tanzania","Lower middle income",2003,52.866,32.5,3759.99999046326,5.34231567,3.10599994659424,1133846.16,22468524.91,5900775.63
"Tanzania","Lower middle income",2004,53.602,31.6,5079.99992370605,5.7373414,3.16199994087219,1162947.7,21982184.83,6083090.84
"Tanzania","Lower middle income",2005,54.349,28.4,5659.99984741211,6.32282591,3.2260000705719,1180760.48,21557410.37,6227868.62
"Tanzania","Lower middle income",2006,55.119,25.9,6050.00019073486,7.59827995,3.29999995231628,1236697.2,20873666.83,6456703.85
"Tanzania","Lower middle income",2007,55.926,25.7,5909.99984741211,6.8842783,3.02999997138977,1258273.87,19961897.5,6654043.83
"Tanzania","Lower middle income",2008,56.777,25.9,6079.99992370605,5.55704832,2.76900005340576,1264044.59,19265916.12,6776601.32
"Tanzania","Lower middle income",2009,57.666,26.7,5929.99982833862,5.0630641,2.5,1314777.36,18661267.73,6984309.68
"Tanzania","Lower middle income",2010,58.584,25.6,6909.99984741211,5.22392178,2.98600006103516,1325388.44,18104420.09,7111755.48
"Tanzania","Lower middle income",2011,59.525,24.2,8189.9995803833,5.05598497,3.47000002861023,1361380.27,17588670.86,7262892.15
"Tanzania","Lower middle income",2012,60.47,23.2,9869.99988555908,5.01779366,3.2279999256134,1393313.64,16794202.08,7477715.31
"Tanzania","Lower middle income",2013,61.398,22.7,10810.0004196167,4.64643383,2.9300000667572,1418615.33,15987629.6,7651634.66
"Tanzania","Lower middle income",2014,62.288,22.5,10710.000038147,4.01492023,2.11999988555908,1381519.43,15573574,7664356.39
"Tanzania","Lower middle income",2015,63.111,22.5,11689.9995803833,3.64969921,2.14299988746643,1446560.26,15042934.66,7895135.19
"Tanzania","Lower middle income",2016,63.844,22.7,11199.9998092651,3.9635036,2.15799999237061,1460702.22,14726558.92,8051900.37
"Tanzania","Lower middle income",2017,64.479,23,11829.9999237061,4.08257437,2.17700004577637,1483112.46,14333067.67,8207830.3
"Tanzania","Lower middle income",2018,65.015,23.3,12000,4.15363026,2.20600008964539,1489983.48,13717505.82,8338480.23
"Tanzania","Lower middle income",2019,65.456,23.4,12449.9998092651,3.82769322,2.22199988365173,1478236.12,13341065.72,8469064.37
"Togo","Low income",2001,53.554,31.3,1180,2.88543582,4.01900005340576,190442.49,2816445.41,765884.83
"Togo","Low income",2002,53.71,31.1,1340.0000333786,2.90226316,4.04699993133545,198596.41,2860334.73,789931.98
"Togo","Low income",2003,53.938,29.8,1830.00004291534,2.93838358,4.07600021362305,201977.56,2893773.85,808789.94
"Togo","Low income",2004,54.234,28.7,1779.99997138977,3.08552408,4.15500020980835,201234.09,2918800.69,820545.79
"Togo","Low income",2005,54.602,27.7,1750,3.30243444,4.21799993515015,237367.78,2931127.4,838432.01
"Togo","Low income",2006,55.052,27.2,1570.00005245209,3.44604039,4.23000001907349,205678.3,2927679.32,858423.74
"Togo","Low income",2007,55.581,26.2,1500,3.86664653,3.80299997329712,214250.79,2938443.97,880980.18
"Togo","Low income",2008,56.178,25.5,1570.00005245209,3.84063792,3.33500003814697,218187.25,2915004.77,914401.38
"Togo","Low income",2009,56.818,23,2819.9999332428,4.07617235,2.88299989700317,227044.31,2848275.56,947402.74
"Togo","Low income",2010,57.468,20.8,2630.00011444092,4.45492935,2.43199992179871,231107.15,2765905.69,972039.15
"Togo","Low income",2011,58.092,19.4,2519.99998092651,4.55412006,1.98000001907349,233789.42,2681025.22,995472.41
"Togo","Low income",2012,58.661,19.4,2240.00000953674,4.80786562,2.03399991989136,230228.19,2624143.03,1011255.29
"Togo","Low income",2013,59.16,19.4,1750,4.94373512,2.08899998664856,229444.19,2568922.36,1026225.01
"Togo","Low income",2014,59.58,20.2,1590.0000333786,5.07536507,2.14499998092651,238396.33,2488549.27,1054239.77
"Togo","Low income",2015,59.927,20.5,1830.00004291534,4.9564662,2.20000004768372,236202.63,2405029.12,1081590.89
"Togo","Low income",2016,60.22,21.2,2299.99995231628,5.35245514,2.96600008010864,241851.57,2294813.98,1114774.54
"Togo","Low income",2017,60.489,21,2069.9999332428,6.49387741,3.74000000953674,247347.61,2173030.66,1146840.78
"Togo","Low income",2018,60.76,20.7,2309.99994277954,6.08747768,3.72900009155273,245884.96,2072528.42,1165497.78
"Togo","Low income",2019,61.042,20.1,2369.99988555908,5.72606897,3.71900010108948,246081.26,1992666.23,1190315.76
